Workbook

Sheet Formulario General
A1: FORMULARIO GENERAL
A4: No. DE ORDEN | B4: 89769879
A6: CLIENTE | B6: Laboratorios Leti
A7: AGENCIA | B7: Concept Mc Cann
A9: CAMPAÑA / VERSIÓN | B9: Hogar
A11: TIPO DE COMPRA
A12: Rotativa Diaria | B12: x
A13: Rotativa Interdiaria
A14: Vivo
A16: Numero de cuñas | B16: 6
A17: Duración (Seg) | B17: 20
A19: DIAS DE TRANSMISIÓN | B19: L | C19: M | D19: MI | E19: J | F19: V | G19: S | H19: D | I19: L | J19: M | K19: MI | L19: J | M19: V | N19: S | O19: D
B20: x | C20: x | D20: x | E20: x | F20: x | G20: x
A22: PERIODO
A23: Desde | B23: 46119
A24: Hasta | B24: 46142
A26: EMISORAS | B26: CIUDAD
A27: Rumbera 92.9 FM | B27: Anaco
A28: Mas Network 89.1 FM | B28: Barquisimeto
A29: OK FM 101.5 FM | B29: Barquisimeto
A30: Sabrosa FM 90.1 FM | B30: Barquisimeto
A31: Sabor FM 106.7 FM | B31: Barquisimeto
A32: Ven FM 107.9 FM | B32: Barquisimeto
A33: Difusión Latina 97.7 FM | B33: Caracas
A34: Mas Network 89.3 FM | B34: Cumana
A35: Cadena Digital 95.3 FM | B35: Guarenas
A36: Activa 88.9 FM | B36: La Guaira
A37: Sabor 106.5 FM | B37: Maracaibo
... A57: Woao! 88.1 FM | B57: Valencia
A59: OBSERVACIONES:

Sheet OT 1
A1: ORDEN DE TRANSMISIÓN
A4: ='Formulario General'!A4 -> No. DE ORDEN | B4: ='Formulario General'!B4 -> 89769879
A6: ='Formulario General'!A6 -> CLIENTE | B6: ='Formulario General'!B6 -> Laboratorios Leti
A7: ='Formulario General'!A7 -> AGENCIA | B7: ='Formulario General'!B7 -> Concept Mc Cann
A8: ='Formulario General'!A9 -> CAMPAÑA / VERSIÓN | B8: ='Formulario General'!B9 -> Hogar
A10: ='Formulario General'!A11 -> TIPO DE COMPRA | D10: ='Formulario General'!A22 -> PERIODO
A11: {='Formulario General'!A12:A14} -> Rotativa Diaria | B11: ='Formulario General'!B12 -> x | D11: DESDE | E11: ='Formulario General'!B23 -> 46119
A12: Rotativa Interdiaria | B12: ='Formulario General'!B13 -> 0 | D12: HASTA | E12: ='Formulario General'!B24 -> 46142
A13: Vivo | B13: ='Formulario General'!B14 -> 0
A15: {='Formulario General'!A16:A17} -> Numero de cuñas | B15: ='Formulario General'!B16 -> 6 | D15: ='Formulario General'!A19 -> DIAS DE TRANSMISIÓN | E15: {='Formulario General'!B19:H19} -> L | F15: M | G15: MI | H15: J | I15: V | J15: S | K15: D
A16: Duración (Seg) | B16: ='Formulario General'!B17 -> 20 | E16: {='Formulario General'!B20:H20} -> x | F16: x | G16: x | H16: x | I16: x | J16: x | K16: 0
A19: Emisora
A21: Costo Neto Periodo
A24: ='Formulario General'!A59 -> OBSERVACIONES:
A25: ='Formulario General'!A60 -> 0
A26: ='Formulario General'!A61 -> 0
A27: ='Formulario General'!A62 -> 0

Sheet OT 2
A1: ORDEN DE TRANSMISIÓN
A4: ='Formulario General'!A4 -> No. DE ORDEN | B4: ='Formulario General'!B4 -> 89769879
A6: ='Formulario General'!A6 -> CLIENTE | B6: ='Formulario General'!B6 -> Laboratorios Leti
A7: ='Formulario General'!A7 -> AGENCIA | B7: ='Formulario General'!B7 -> Concept Mc Cann
A8: ='Formulario General'!A9 -> CAMPAÑA / VERSIÓN | B8: ='Formulario General'!B9 -> Hogar
A10: ='Formulario General'!A11 -> TIPO DE COMPRA | D10: ='Formulario General'!A22 -> PERIODO
A11: {='Formulario General'!A12:A14} -> Rotativa Diaria | B11: ='Formulario General'!B12 -> x | D11: DESDE | E11: ='Formulario General'!B23 -> 46119
A12: Rotativa Interdiaria | B12: ='Formulario General'!B13 -> 0 | D12: HASTA | E12: ='Formulario General'!B24 -> 46142
A13: Vivo | B13: ='Formulario General'!B14 -> 0
A15: {='Formulario General'!A16:A17} -> Numero de cuñas | B15: ='Formulario General'!B16 -> 6 | D15: ='Formulario General'!A19 -> DIAS DE TRANSMISIÓN | E15: {='Formulario General'!B19:H19} -> L | F15: M | G15: MI | H15: J | I15: V | J15: S | K15: D
A16: Duración (Seg) | B16: ='Formulario General'!B17 -> 20 | E16: {='Formulario General'!B20:H20} -> x | F16: x | G16: x | H16: x | I16: x | J16: x | K16: 0
A19: Emisora
A21: Costo Neto Periodo
A24: ='Formulario General'!A59 -> OBSERVACIONES:
A25: ='Formulario General'!A60 -> 0
A26: ='Formulario General'!A61 -> 0
A27: ='Formulario General'!A62 -> 0
